yuanxiao|2024|2024-02-24
yuanxiao|2025|2025-02-12
yuanxiao|2026|2026-03-03
yuanxiao|2027|2027-02-20
yuanxiao|2028|2028-02-09
yuanxiao|2029|2029-02-27
yuanxiao|2030|2030-02-17
yuanxiao|2031|2031-02-06
yuanxiao|2032|2032-02-25
yuanxiao|2033|2033-02-14
yuanxiao|2034|2034-03-05
yuanxiao|2035|2035-02-22
yuanxiao|2036|2036-02-11
yuanxiao|2037|2037-03-01
yuanxiao|2038|2038-02-18
yuanxiao|2039|2039-02-07
yuanxiao|2040|2040-02-26
yuanxiao|2041|2041-02-15
yuanxiao|2042|2042-02-05
yuanxiao|2043|2043-02-24
yuanxiao|2044|2044-02-13
yuanxiao|2045|2045-03-03
yuanxiao|2046|2046-02-20
yuanxiao|2047|2047-02-09
yuanxiao|2048|2048-02-28
yuanxiao|2049|2049-02-16
yuanxiao|2050|2050-02-06
yuanxiao|2051|2051-02-25
yuanxiao|2052|2052-02-15
yuanxiao|2053|2053-03-05
yuanxiao|2054|2054-02-22
yuanxiao|2055|2055-02-11
yuanxiao|2056|2056-02-29
yuanxiao|2057|2057-02-18
yuanxiao|2058|2058-02-07
yuanxiao|2059|2059-02-26
yuanxiao|2060|2060-02-16
yuanxiao|2061|2061-02-04
yuanxiao|2062|2062-02-23
yuanxiao|2063|2063-02-12
yuanxiao|2064|2064-03-02
yuanxiao|2065|2065-02-19
yuanxiao|2066|2066-02-09
yuanxiao|2067|2067-02-28
yuanxiao|2068|2068-02-17
yuanxiao|2069|2069-02-06
yuanxiao|2070|2070-02-25
yuanxiao|2071|2071-02-14
yuanxiao|2072|2072-03-04
yuanxiao|2073|2073-02-21
yuanxiao|2074|2074-02-10
sanyue|2024|2024-04-11
sanyue|2025|2025-03-31
sanyue|2026|2026-04-19
sanyue|2027|2027-04-09
sanyue|2028|2028-03-28
sanyue|2029|2029-04-16
sanyue|2030|2030-04-05
sanyue|2031|2031-03-25
sanyue|2032|2032-04-12
sanyue|2033|2033-04-02
sanyue|2034|2034-04-21
sanyue|2035|2035-04-10
sanyue|2036|2036-03-30
sanyue|2037|2037-04-18
sanyue|2038|2038-04-07
sanyue|2039|2039-03-27
sanyue|2040|2040-04-13
sanyue|2041|2041-04-03
sanyue|2042|2042-04-22
sanyue|2043|2043-04-12
sanyue|2044|2044-03-31
sanyue|2045|2045-04-19
sanyue|2046|2046-04-08
sanyue|2047|2047-03-28
sanyue|2048|2048-04-15
sanyue|2049|2049-04-04
sanyue|2050|2050-03-25
sanyue|2051|2051-04-13
sanyue|2052|2052-04-02
sanyue|2053|2053-04-21
sanyue|2054|2054-04-10
sanyue|2055|2055-03-30
sanyue|2056|2056-04-17
sanyue|2057|2057-04-06
sanyue|2058|2058-03-26
sanyue|2059|2059-04-14
sanyue|2060|2060-04-03
sanyue|2061|2061-03-24
sanyue|2062|2062-04-12
sanyue|2063|2063-04-01
sanyue|2064|2064-04-19
sanyue|2065|2065-04-08
sanyue|2066|2066-03-28
sanyue|2067|2067-04-16
sanyue|2068|2068-04-04
sanyue|2069|2069-03-25
sanyue|2070|2070-04-13
sanyue|2071|2071-04-02
sanyue|2072|2072-04-20
sanyue|2073|2073-04-09
sanyue|2074|2074-03-29
liuyue|2024|2024-07-11
liuyue|2025|2025-06-30
liuyue|2026|2026-07-19
liuyue|2027|2027-07-09
liuyue|2028|2028-07-27
liuyue|2029|2029-07-16
liuyue|2030|2030-07-06
liuyue|2031|2031-07-24
liuyue|2032|2032-07-12
liuyue|2033|2033-07-02
liuyue|2034|2034-07-21
liuyue|2035|2035-07-10
liuyue|2036|2036-06-29
liuyue|2037|2037-07-18
liuyue|2038|2038-07-07
liuyue|2039|2039-07-26
liuyue|2040|2040-07-14
liuyue|2041|2041-07-03
liuyue|2042|2042-07-22
liuyue|2043|2043-07-12
liuyue|2044|2044-06-30
liuyue|2045|2045-07-19
liuyue|2046|2046-07-09
liuyue|2047|2047-07-28
liuyue|2048|2048-07-16
liuyue|2049|2049-07-05
liuyue|2050|2050-07-24
liuyue|2051|2051-07-13
liuyue|2052|2052-07-02
liuyue|2053|2053-07-21
liuyue|2054|2054-07-10
liuyue|2055|2055-06-30
liuyue|2056|2056-07-18
liuyue|2057|2057-07-07
liuyue|2058|2058-07-25
liuyue|2059|2059-07-15
liuyue|2060|2060-07-03
liuyue|2061|2061-07-22
liuyue|2062|2062-07-12
liuyue|2063|2063-07-01
liuyue|2064|2064-07-19
liuyue|2065|2065-07-09
liuyue|2066|2066-07-27
liuyue|2067|2067-07-16
liuyue|2068|2068-07-04
liuyue|2069|2069-07-23
liuyue|2070|2070-07-13
liuyue|2071|2071-07-03
liuyue|2072|2072-07-21
liuyue|2073|2073-07-10
liuyue|2074|2074-06-29
leaptest|2023|2023-04-05
leaptest|2024|NULL